,City,Cloudiness,Country,Date,Humidity,Lat,Lng,Max Temp,Wind Speed
0,Lorengau,100,PG,1608058018,79,-2.02,147.27,80.67,2.68
1,New Norfolk,99,AU,1608058019,66,-42.78,147.06,55.0,1.99
2,Santa Cruz de la Sierra,75,BO,1608057888,78,-17.8,-63.17,78.8,18.34
3,Nanortalik,0,GL,1608058022,87,60.14,-45.24,26.96,4.43
4,Acapulco de Juárez,75,MX,1608057745,58,16.86,-99.89,84.2,6.93
5,Khatanga,89,RU,1608058024,84,71.97,102.5,-33.88,1.05
6,El Espinal,80,MX,1608058026,47,16.33,-94.07,86.25,7.56
7,Mombetsu,95,JP,1608058027,65,44.35,143.35,23.0,13.0
8,Hermanus,0,ZA,1608058028,76,-34.42,19.23,61.0,7.72
9,Saskylakh,8,RU,1608058030,83,71.92,114.08,-29.96,5.23
10,Puerto Ayora,75,EC,1608058031,65,-0.74,-90.35,78.8,9.1
11,La Ferté-Bernard,0,FR,1608058032,100,48.19,0.65,46.4,3.36
12,Sotnikovo,93,RU,1608058034,75,51.88,107.48,-14.8,4.0
13,George Town,20,MY,1608057827,94,5.41,100.34,77.0,3.36
14,Eureka,100,US,1608058036,93,40.8,-124.16,50.0,4.0
15,Lebu,0,CL,1608058037,59,-37.62,-73.65,56.53,23.44
16,Kaitangata,70,NZ,1608058039,69,-46.28,169.85,62.01,3.0
17,Adrar,0,MR,1608058040,25,20.5,-10.07,66.65,3.15
18,Arraial do Cabo,0,BR,1608058041,62,-22.97,-42.03,87.8,12.75
19,Yarkovo,100,RU,1608058042,96,57.4,67.08,17.06,7.76
20,Iqaluit,90,CA,1608058044,73,63.75,-68.51,19.4,11.41
21,Kavieng,100,PG,1608058045,71,-2.57,150.8,82.81,3.6
22,Madimba,20,TZ,1608058046,78,-10.4,40.33,80.6,11.41
23,Saint-Joseph,51,RE,1608058047,94,-21.37,55.62,75.2,2.24
24,Hithadhoo,91,MV,1608058049,72,-0.6,73.08,81.59,10.04
25,Chernyshevskiy,100,RU,1608058050,92,63.01,112.47,-11.13,3.11
26,Kiryat Gat,89,IL,1608058051,50,31.61,34.76,62.01,1.01
27,Abū Zabad,0,SD,1608058053,17,12.35,29.25,74.41,11.52
28,Poum,0,NC,1608058054,72,-20.23,164.02,78.78,11.9
29,Mahébourg,75,MU,1608058055,94,-20.41,57.7,77.0,13.87
30,Mar del Plata,20,AR,1608057763,31,-38.0,-57.56,64.4,17.22
31,Nikolskoye,90,RU,1608058057,92,59.7,30.79,30.2,4.47
32,Pevek,100,RU,1608058059,93,69.7,170.31,14.76,12.33
33,Sitka,90,US,1608058060,56,57.05,-135.33,44.6,17.22
34,Jalu,4,LY,1608058061,64,29.03,21.55,57.11,7.92
35,Bluff,52,NZ,1608058062,59,-46.6,168.33,62.01,8.01
36,Zhezkazgan,0,KZ,1608058064,88,47.8,67.71,0.72,4.7
37,Chimoré,72,BO,1608058065,61,-16.98,-65.13,84.9,3.49
38,‘Ewa Beach,1,US,1608058066,83,21.32,-158.01,73.4,3.36
39,Albany,59,US,1608058068,34,42.6,-73.97,33.01,5.01
40,Oussouye,0,SN,1608058069,65,12.48,-16.55,84.2,4.7
41,Isangel,100,VU,1608058070,78,-19.55,169.27,77.94,19.46
42,Vaini,75,TO,1608058071,100,-21.2,-175.2,73.4,20.8
43,Qaanaaq,0,GL,1608058072,64,77.48,-69.36,-2.06,8.03
44,Oyo,77,NG,1608058073,59,7.85,3.93,83.26,9.06
45,Jamestown,90,US,1608057850,58,42.1,-79.24,28.0,8.05
46,Bredasdorp,0,ZA,1608058076,63,-34.53,20.04,62.6,4.7
47,Price,1,US,1608058012,46,39.6,-110.81,30.2,6.93
48,Bosaso,3,SO,1608058078,68,11.28,49.18,75.58,8.79
49,Rikitea,1,PF,1608058079,71,-23.12,-134.97,76.87,6.64
50,Cape Town,0,ZA,1608057860,63,-33.93,18.42,66.0,18.34
51,Laguna,100,US,1608058082,88,38.42,-121.42,50.0,1.01
52,Geraldton,0,AU,1608058083,77,-28.77,114.6,68.0,16.11
53,Örebro,90,SE,1608058084,100,59.27,15.21,45.0,5.82
54,Severnyy,90,RU,1608058085,100,50.68,36.55,30.2,4.47
55,Barrow,1,US,1608058086,76,71.29,-156.79,-5.8,23.04
56,Astakós,20,GR,1608058087,87,38.54,21.08,60.8,3.36
57,Upernavik,0,GL,1608058089,84,72.79,-56.15,8.51,5.12
58,Bethel,1,US,1608058090,40,41.37,-73.41,37.0,9.17
59,East London,75,ZA,1608058091,88,-33.02,27.91,68.0,5.82
60,Ushuaia,75,AR,1608058092,87,-54.8,-68.3,44.6,40.26
61,Coahuayana Viejo,40,MX,1608058093,69,18.73,-103.68,75.2,5.88
62,Yellowknife,20,CA,1608058011,73,62.46,-114.35,-31.0,4.7
63,Arman',99,RU,1608058095,82,59.7,150.17,0.59,22.48
64,Ancud,40,CL,1608058096,47,-41.87,-73.82,57.2,9.17
65,Kapaa,20,US,1608058098,78,22.08,-159.32,77.0,11.41
66,Punta Arenas,20,CL,1608058021,54,-53.15,-70.92,53.6,46.08
67,Tilichiki,100,RU,1608058100,95,60.47,166.1,4.93,14.07
68,Fairbanks,90,US,1608057915,66,64.84,-147.72,12.2,1.12
69,Chifeng,0,CN,1608058102,81,42.27,118.96,-5.58,7.81
70,Waipawa,0,NZ,1608058103,82,-41.41,175.52,59.0,24.16
71,Ilulissat,40,GL,1608058104,53,69.22,-51.1,26.6,26.4
72,Turan,75,VN,1608058040,88,16.07,108.22,75.2,8.05
73,Quatre Cocos,75,MU,1608058107,94,-20.21,57.76,77.0,13.87
74,Kantang,75,TH,1608058108,91,7.41,99.52,75.13,3.6
75,Ribeira Grande,40,PT,1608058109,77,38.52,-28.7,60.8,16.11
76,Hobart,90,AU,1608058031,54,-42.88,147.33,55.4,13.87
77,Mataura,1,NZ,1608058111,59,-46.19,168.86,62.01,8.01
78,Tiksi,0,RU,1608058113,85,71.69,128.87,-23.57,2.13
79,Koslan,100,RU,1608058114,97,63.46,48.9,16.43,3.09
80,Pangnirtung,90,CA,1608058115,71,66.15,-65.71,8.6,6.93
81,Coquimbo,40,CL,1608058116,72,-29.95,-71.34,62.6,12.75
82,Portland,90,US,1608058117,87,45.52,-122.68,46.99,11.41
83,Udachny,75,RU,1608058118,75,66.42,112.4,-16.6,6.71
84,Carnarvon,0,AU,1608058119,88,-24.87,113.63,71.6,25.28
85,Mount Isa,75,AU,1608058120,54,-20.73,139.5,82.4,5.82
86,Bathsheba,40,BB,1608058122,70,13.22,-59.52,86.0,10.29
87,Payakumbuh,100,ID,1608058123,88,-0.22,100.63,71.11,2.42
88,Nsoko,100,SZ,1608058124,90,-27.03,31.95,69.21,1.83
89,Krasnosel'kup,100,RU,1608058125,87,65.7,82.47,-10.68,15.88
90,Belmonte,40,BR,1608058126,61,-15.86,-38.88,82.4,11.41
91,Waitati,100,NZ,1608058127,79,-45.75,170.57,55.99,1.01
92,Bambanglipuro,78,ID,1608058128,95,-7.95,110.28,64.99,1.59
93,Chumphon,99,TH,1608058130,100,10.33,98.83,70.39,1.77
94,Port Blair,100,IN,1608058131,85,11.67,92.75,80.67,8.08
95,Cherskiy,94,RU,1608058132,88,68.75,161.3,-20.24,2.01
96,Roebourne,29,AU,1608058133,76,-20.78,117.13,79.52,7.54
97,Dikson,0,RU,1608058134,85,73.51,80.55,-19.7,4.03
98,Atuona,17,PF,1608058135,76,-9.8,-139.03,79.0,20.78
99,Busselton,0,AU,1608058137,75,-33.65,115.33,55.0,4.0
100,Iskateley,97,RU,1608058138,96,67.68,53.15,12.99,14.29
101,Bengkulu,99,ID,1608058139,86,-3.8,102.27,76.3,6.38
102,Niamey,0,NE,1608058140,10,13.51,2.11,93.2,4.7
103,Los Llanos de Aridane,20,ES,1608058141,63,28.66,-17.92,66.2,11.41
104,Kez,100,RU,1608058142,92,57.9,53.72,14.65,7.56
105,Constitución,0,CL,1608058144,38,-35.33,-72.42,67.73,19.73
106,Manzanillo,24,CU,1608058145,63,20.34,-77.12,84.61,5.64
107,Caravelas,52,BR,1608058146,59,-17.71,-39.25,82.08,9.42
108,Airai,97,TL,1608058147,100,-8.93,125.41,61.09,2.24
109,Port Elizabeth,0,ZA,1608058148,82,-33.92,25.57,68.0,18.34
110,Dergachi,100,RU,1608058149,96,51.23,48.77,20.82,12.55
111,Castro,2,BR,1608058095,82,-24.79,-50.01,73.13,9.35
112,Houston,90,US,1608058120,93,29.76,-95.36,52.0,10.29
113,Buraidah,0,SA,1608058153,63,26.33,43.98,64.4,11.41
114,Port Alfred,0,ZA,1608058154,90,-33.59,26.89,66.99,3.0
115,Yarmouth,1,US,1608058155,29,41.71,-70.23,37.4,9.17
116,Thompson,20,CA,1608058157,74,55.74,-97.86,-22.0,2.24
117,Zhangjiakou Shi Xuanhua Qu,0,CN,1608058158,78,40.61,115.04,8.4,5.26
118,Yar-Sale,99,RU,1608058159,87,66.83,70.83,-7.74,17.0
119,Clyde River,40,CA,1608058160,76,70.47,-68.59,-4.0,17.22
120,Teguise,20,ES,1608058161,77,29.06,-13.56,66.2,11.41
121,Kemin,40,KG,1608058163,78,42.78,75.69,16.5,2.57
122,Kahului,40,US,1608058164,73,20.89,-156.47,73.99,3.36
123,Vestmannaeyjar,75,IS,1608058166,81,63.44,-20.27,42.8,24.16
124,Baykit,90,RU,1608058167,84,61.67,96.37,-13.02,5.32
125,Gizo Government Station,89,SB,1608058168,73,-8.1,156.84,83.12,6.46
126,Ambilobe,89,MG,1608058170,83,-13.2,49.05,77.34,2.95
127,Tasiilaq,75,GL,1608058171,54,65.61,-37.64,30.2,4.7
128,Hīt,18,IQ,1608058172,66,33.64,42.83,59.05,1.48
129,Syracuse,0,IT,1608058173,87,37.09,15.28,55.4,1.12
130,Bougouni,100,ML,1608058175,25,11.42,-7.48,82.63,1.63
131,Asunción,40,PY,1608058060,55,-25.3,-57.64,89.6,5.82
132,San Patricio,90,US,1608058177,63,28.02,-97.52,64.99,6.93
133,Te Anau,95,NZ,1608058178,77,-45.42,167.72,53.65,6.58
134,Ouésso,0,CG,1608058180,66,1.61,16.05,78.6,2.17
135,Salalah,0,OM,1608058181,53,17.02,54.09,73.4,5.82
136,Cervo,100,ES,1608058182,70,43.67,-7.41,55.99,7.0
137,Myitkyina,0,MM,1608058184,76,25.38,97.4,58.86,2.3
138,Saint-Philippe,53,RE,1608058185,94,-21.36,55.77,75.2,2.24
139,Saldanha,0,ZA,1608057948,59,-33.01,17.94,64.4,18.34
140,Virār,40,IN,1608058113,83,19.47,72.8,77.0,6.93
141,Timrå,90,SE,1608058188,93,62.49,17.33,37.4,3.36
142,El Batey,40,DO,1608058190,74,19.77,-70.52,82.4,13.87
143,Najrān,0,SA,1608058191,49,17.49,44.13,57.2,0.76
144,Mahibadhoo,27,MV,1608058192,74,3.78,72.97,81.72,10.22
145,Yatou,73,CN,1608058193,96,37.15,122.38,23.32,7.11
146,Severo-Kuril'sk,100,RU,1608058194,95,50.68,156.12,30.25,10.09
147,Nemuro,28,JP,1608058195,86,43.32,145.57,25.7,19.84
148,Makokou,87,GA,1608058197,90,0.57,12.86,72.43,1.77
149,Nizwá,99,OM,1608058172,58,22.93,57.53,58.21,1.54
150,Nokaneng,97,BW,1608058199,59,-19.67,22.27,78.62,5.99
151,Wanxian,88,CN,1608058200,70,30.8,108.39,44.98,0.98
152,Disna,100,BY,1608058201,98,55.57,28.2,26.76,7.58
153,Tezu,0,IN,1608058203,36,27.92,96.17,59.85,3.67
154,General Pico,0,AR,1608058204,13,-35.66,-63.76,84.4,9.31
155,Manokwari,100,ID,1608058205,75,-0.87,134.08,80.44,4.74
156,Chui,0,UY,1608058206,57,-33.7,-53.46,74.25,15.86
157,Mossamedes,74,AO,1608058207,81,-15.2,12.15,67.51,3.74
158,Asău,0,RO,1608058208,100,46.43,26.4,32.0,1.59
159,Amuntai,100,ID,1608058210,97,-2.42,115.25,73.53,1.68
160,Dublin,90,US,1608058211,71,37.7,-121.94,53.01,0.67
161,Matara,100,LK,1608058212,82,5.95,80.54,75.92,2.51
162,Olot,70,ES,1608058213,75,42.18,2.49,53.01,2.28
163,Marzuq,0,YE,1608058214,40,14.4,46.47,53.08,0.76
164,Longyearbyen,0,SJ,1608058215,61,78.22,15.64,12.2,23.04
165,Alyangula,100,AU,1608058216,100,-13.85,136.42,78.8,1.41
166,Hilo,1,US,1608058218,78,19.73,-155.09,73.4,5.82
167,Soro,0,IN,1608058219,49,21.29,86.69,70.2,3.76
168,Kazachinskoye,96,RU,1608058220,93,57.7,93.28,9.37,10.47
169,Kulhudhuffushi,0,MV,1608058221,66,6.62,73.07,82.18,6.35
170,Obregon,40,NI,1608058222,62,11.96,-85.96,89.6,13.87
171,Leningradskiy,100,RU,1608058223,91,69.38,178.42,18.75,23.06
172,Yarovoy,100,RU,1608058225,94,52.93,78.58,4.78,8.72
173,Ambulu,100,ID,1608058226,85,-8.35,113.61,76.96,1.5
174,Helong,0,CN,1608058227,76,42.54,129.0,-2.15,7.52
175,Vila Franca do Campo,20,PT,1608058228,82,37.72,-25.43,60.8,20.8
176,Esperance,45,AU,1608058229,81,-33.87,121.9,51.8,6.93
177,Cabo San Lucas,20,MX,1608058225,60,22.89,-109.91,75.99,3.36
178,Ndjolé,100,GA,1608058232,92,-0.18,10.76,76.3,1.41
179,Butaritari,100,KI,1608058233,81,3.07,172.79,81.32,15.75
180,Norman Wells,75,CA,1608058234,73,65.28,-126.83,-31.0,2.24
181,Shelburne,88,CA,1608058235,65,44.08,-80.2,21.99,6.46
182,Humaitá,100,BR,1608058237,61,-7.51,-63.02,86.79,2.48
183,Edd,37,ER,1608058238,58,13.93,41.69,77.29,19.53
184,The Valley,20,AI,1608058239,69,18.22,-63.06,82.4,8.05
185,Kataysk,100,RU,1608058240,91,56.29,62.58,16.57,8.03
186,Zhigansk,67,RU,1608058241,80,66.77,123.37,-40.63,7.43
187,Ponta Delgada,20,PT,1608058242,82,37.73,-25.67,60.8,20.8
188,Bokoro,77,TD,1608058244,16,12.38,17.06,80.85,9.93
189,Grand Gaube,45,MU,1608057957,91,-20.01,57.66,75.99,7.0
190,Jiwani,0,PK,1608058246,27,25.05,61.74,65.97,13.51
191,Lavrentiya,100,RU,1608058247,95,65.58,-171.0,16.41,18.81
192,Yulara,75,AU,1608058248,64,-25.24,130.99,75.2,16.11
193,Beringovskiy,100,RU,1608058249,96,63.05,179.32,12.83,10.09
194,Makakilo City,1,US,1608058251,83,21.35,-158.09,73.4,3.36
195,Fort-Shevchenko,10,KZ,1608058252,72,44.51,50.26,37.4,28.16
196,Point Pleasant,1,US,1608058253,44,40.08,-74.07,39.99,12.75
197,Suntar,100,RU,1608058254,87,62.14,117.63,-14.82,5.61
198,Nioro,0,GM,1608058255,16,13.35,-15.75,83.61,3.42
199,Kavaratti,0,IN,1608058256,65,10.57,72.64,81.75,3.89
200,Caçapava do Sul,0,BR,1608058257,34,-30.51,-53.49,85.37,5.99
201,Roald,75,NO,1608058259,93,62.58,6.13,43.0,4.7
202,Chingirlau,100,KZ,1608058260,96,51.09,54.08,16.39,10.11
203,Cidreira,3,BR,1608058261,80,-30.18,-50.21,75.72,11.95
204,Dongsheng,0,CN,1608058262,82,39.82,109.98,3.63,6.26
205,Esil,66,KZ,1608058263,92,51.96,66.4,5.13,6.93
206,Santa Cruz del Sur,79,CU,1608058264,65,20.71,-78.0,83.23,9.55
207,Malbork,100,PL,1608058266,100,54.04,19.03,34.0,13.33
208,Prince George,90,CA,1608058124,92,53.92,-122.75,30.99,6.93
209,Namatanai,82,PG,1608058268,80,-3.67,152.43,79.81,2.19
210,Tonj,100,SS,1608058269,24,7.27,28.68,82.98,1.97
211,Mwense,98,ZM,1608058272,88,-10.38,28.7,68.56,1.66
212,Takoradze,100,GH,1608058274,85,4.88,-1.76,79.11,7.07
213,Vestmanna,100,FO,1608058275,100,62.16,-7.17,42.8,11.41
214,Počátky,100,CZ,1608058276,100,49.26,15.24,34.0,1.99
215,Seymchan,100,RU,1608058277,85,62.88,152.43,-18.96,8.66
216,Mahon,0,ES,1608058278,87,39.89,4.27,59.0,6.06
217,Amapá,98,BR,1608058279,46,1.0,-52.0,90.9,4.38
218,La Asuncion,100,VE,1608058281,88,11.03,-63.86,75.2,16.11
219,Sittwe,30,MM,1608058282,68,20.15,92.9,71.67,6.55
220,Yantal',100,RU,1608058283,93,56.85,105.25,13.82,9.26
221,Cedar City,20,US,1608058284,63,37.68,-113.06,28.4,10.29
222,Santa Rosa,20,PH,1608058285,78,14.31,121.11,79.0,3.36
223,Sakakah,0,SA,1608058286,54,29.97,40.21,57.2,5.82
224,Tiznit Province,0,MA,1608058288,72,29.58,-9.5,60.91,2.57
225,Pangody,96,RU,1608058289,88,65.85,74.49,-10.53,13.96
226,Hobyo,0,SO,1608058290,74,5.35,48.53,77.97,20.02
227,Palestine,40,PS,1608058291,67,31.92,35.2,62.6,10.29
228,Sardārshahr,0,IN,1608058293,43,28.43,74.48,52.75,6.51
229,Ust'-Kut,100,RU,1608058294,93,56.79,105.77,13.32,6.38
230,Orocué,81,CO,1608058295,57,4.79,-71.34,88.32,9.6
231,Kalāleh,0,IR,1608058296,46,37.38,55.49,44.6,10.58
232,Faanui,95,PF,1608058297,80,-16.48,-151.75,79.9,18.75
233,Agropoli,0,IT,1608058298,65,40.35,15.0,48.0,1.99
234,Aklavik,75,CA,1608058299,75,68.22,-135.01,-20.2,5.82
235,Narsaq,20,GL,1608058300,32,60.92,-46.05,37.4,18.34
236,Sacramento,100,US,1608058299,83,38.47,-121.32,50.0,3.0
237,Kashgar,100,CN,1608058303,92,39.45,75.98,26.6,4.47
238,Nieuw Amsterdam,40,SR,1608058304,66,5.88,-55.08,86.0,6.93
239,Santa Maria,0,BR,1608058305,43,-29.68,-53.81,87.8,5.82
240,Trstenik,90,RS,1608058306,93,43.62,21.0,41.0,5.82
241,Ust-Maya,100,RU,1608058307,77,60.42,134.53,-45.06,1.57
242,Chicama,24,PE,1608058309,77,-7.84,-79.15,69.8,10.29
243,Chokurdakh,94,RU,1608058310,86,70.63,147.92,-29.92,2.01
244,Puerto Escondido,40,MX,1608058311,74,15.85,-97.07,78.8,6.93
245,Touros,20,BR,1608058312,58,-5.2,-35.46,86.0,14.99
246,Manjo,64,CM,1608058313,90,4.84,9.82,73.17,0.76
247,Yumen,31,CN,1608058314,87,40.28,97.2,10.76,0.6
248,Al Bardīyah,8,LY,1608058316,76,31.76,25.09,61.21,19.37
249,Saint Paul Harbor,100,US,1608058317,89,57.79,-152.41,34.39,9.6
250,Caconda,98,AO,1608058318,62,-13.73,15.07,64.33,7.27
251,Dzaoudzi,0,YT,1608058319,83,-12.79,45.27,78.8,3.36
252,Yishui,0,CN,1608058320,73,35.78,118.63,23.59,2.55
253,Malartic,40,CA,1608058322,63,48.13,-78.13,-5.8,5.82
254,Arrecife,20,ES,1608058181,77,28.96,-13.55,66.2,11.41
255,Bāglung,0,NP,1608058324,44,28.27,83.59,49.96,5.17
256,Chimoio,100,MZ,1608058325,99,-19.12,33.48,69.35,3.11
257,Tuatapere,15,NZ,1608058326,58,-46.13,167.68,62.01,7.0
258,Pisco,75,PE,1608058327,73,-13.7,-76.22,71.6,8.05
259,Sembakung,100,ID,1608058329,95,3.82,117.25,74.46,1.36
260,Province of Trapani,0,IT,1608058330,76,37.83,12.67,60.01,6.93
261,Berlevåg,75,NO,1608058331,80,70.86,29.09,35.6,8.05
262,Chapais,75,CA,1608058060,69,49.78,-74.85,-9.4,14.99
263,Tateyama,20,JP,1608058333,38,34.98,139.87,39.2,6.93
264,Port Hedland,23,AU,1608058334,78,-20.32,118.57,80.6,11.41
265,Mitsuke,100,JP,1608058335,90,37.53,138.93,30.0,13.44
266,Kysyl-Syr,86,RU,1608058337,83,63.9,122.76,-33.59,5.48
267,North Bend,90,US,1608058338,81,43.41,-124.22,53.6,19.46
268,Mocuba,100,MZ,1608058339,91,-16.84,36.99,76.51,3.87
269,Grindavik,0,IS,1608058340,75,63.84,-22.43,41.0,20.8
270,Gra Lygia,23,GR,1608058341,66,35.02,25.68,61.0,21.27
271,Leshukonskoye,91,RU,1608058342,97,64.9,45.76,13.39,4.21
272,Marabu,40,MY,1608058344,100,4.41,114.01,75.2,1.12
273,Port Hardy,90,CA,1608058200,93,50.7,-127.42,44.6,10.29
274,Coyhaique,90,CL,1608058106,54,-45.58,-72.07,53.6,8.05
275,Lüderitz,0,NA,1608058347,64,-26.65,15.16,69.8,20.8
276,Cayenne,20,GF,1608058348,62,4.93,-52.33,87.8,13.87
277,Avarua,97,CK,1608058067,78,-21.21,-159.78,82.4,13.87
278,Noumea,90,NC,1608058064,83,-22.28,166.46,71.6,3.36
279,Linxia Chengguanzhen,100,CN,1608058351,86,35.6,103.21,19.58,1.39
280,Atasū,0,KZ,1608058353,87,48.68,71.64,-2.02,2.62
281,Tuktoyaktuk,90,CA,1608058354,76,69.45,-133.04,-9.4,12.75
282,Toyooka,100,JP,1608058355,88,35.53,134.83,35.53,7.85
283,Saint-Pierre,53,RE,1608058356,94,-21.34,55.48,75.2,2.24
284,Sun Prairie,100,US,1608058175,65,43.18,-89.21,21.99,1.99
285,Meulaboh,100,ID,1608058359,86,4.14,96.13,76.75,3.31
286,Nehe,0,CN,1608058360,74,48.48,124.83,-5.87,4.61
287,Paamiut,94,GL,1608058361,94,61.99,-49.67,30.63,5.68
288,Itarema,100,BR,1608058362,68,-2.92,-39.92,84.0,17.74
289,Tianpeng,91,CN,1608058250,1,30.99,103.94,43.0,3.13
290,Pemba,0,MZ,1608058365,77,-12.97,40.52,81.28,12.03
291,Whitehorse,90,CA,1608058122,84,60.72,-135.05,6.8,2.24
292,La Baule-Escoublac,0,FR,1608058367,87,47.29,-2.36,48.2,9.17
293,Yangi Marg`ilon,90,UZ,1608058368,74,40.43,71.72,33.8,2.24
294,Semey,99,KZ,1608058160,90,50.41,80.23,4.14,2.3
295,Palana,85,RU,1608058370,93,59.12,159.97,15.98,15.14
296,Kruisfontein,2,ZA,1608058372,76,-34.0,24.73,68.0,1.99
297,Merauke,100,ID,1608058373,89,-8.47,140.33,78.03,9.17
298,Sabha,0,LY,1608058374,43,27.04,14.43,52.54,6.04
299,Quelimane,40,MZ,1608058375,74,-17.88,36.89,84.2,4.7
300,Ramos Arizpe,5,MX,1608058376,31,25.55,-100.97,77.0,11.41
301,Benghazi,67,LY,1608058344,63,32.12,20.07,61.83,11.03
302,Porto Velho,40,BR,1608058378,58,-8.76,-63.9,87.8,5.82
303,Half Moon Bay,90,US,1608058380,81,37.46,-122.43,55.0,4.7
304,Nikki,7,BJ,1608058381,21,9.94,3.21,81.18,5.19
305,Pringsewu,100,ID,1608058382,94,-5.36,104.97,73.29,1.1
306,Srednekolymsk,100,RU,1608058383,86,67.45,153.68,-25.22,2.64
307,São João da Barra,0,BR,1608058385,58,-21.64,-41.05,86.0,19.46
308,Tungor,100,RU,1608058386,95,53.38,142.96,15.06,26.64
309,Provideniya,100,RU,1608058387,92,64.38,-173.3,14.47,13.2
310,Hammerfest,75,NO,1608058388,92,70.66,23.68,30.2,4.7
311,São Filipe,15,CV,1608058389,74,14.9,-24.5,74.23,8.57
312,Litovko,67,RU,1608058390,77,49.24,135.17,-2.96,6.4
313,Acaraú,94,BR,1608058184,66,-2.89,-40.12,84.54,18.34
314,Krasne,90,UA,1608058393,91,49.91,24.61,32.0,8.95
315,Sirte,46,LY,1608058394,65,31.21,16.59,61.86,4.23
316,Saint George,1,US,1608058395,48,37.1,-113.58,46.0,8.05
317,North Battleford,90,CA,1608058396,77,52.78,-108.28,1.4,11.41
318,Moerai,0,PF,1608058397,77,-22.43,-151.33,79.56,14.41
319,Qandala,22,SO,1608058398,73,11.47,49.87,75.13,10.09
320,Inta,99,RU,1608058400,95,66.03,60.17,10.67,9.55
321,Lompoc,1,US,1608058401,47,34.64,-120.46,59.0,6.93
322,Ratnagiri,12,IN,1608058402,72,16.98,73.3,77.88,6.55
323,Bandarbeyla,0,SO,1608058403,76,9.49,50.81,74.75,22.1
324,Llanes,0,ES,1608058404,54,43.42,-4.75,55.99,5.01
325,Cutlerville,75,US,1608058406,58,42.84,-85.66,30.0,4.7
326,Zeya,1,RU,1608058407,77,53.75,127.27,-12.69,2.19
327,Lingsugūr,0,IN,1608058408,81,16.17,76.52,66.54,7.34
328,Yeppoon,0,AU,1608058409,83,-23.13,150.73,75.2,4.63
329,Dingle,13,PH,1608058410,92,11.0,122.67,75.04,7.99
330,Cockburn Town,40,TC,1608058411,57,21.46,-71.14,80.6,11.41
331,Khanbari,0,NP,1608058412,50,27.37,87.2,51.96,2.3
332,Camopi,87,GF,1608058414,86,3.17,-52.32,82.0,3.65
333,Krasnopavlivka,48,UA,1608058415,98,49.14,36.33,29.62,9.15
334,Avdon,99,RU,1608058416,84,54.67,55.72,6.8,6.71
335,San Policarpo,100,PH,1608058417,83,12.18,125.51,80.87,15.12
336,Huarmey,99,PE,1608058418,67,-10.07,-78.15,73.53,10.69
337,Lengshuijiang,100,CN,1608058419,84,27.69,111.43,33.87,1.52
338,Yārāda,1,IN,1608058420,78,17.65,83.27,77.0,2.24
339,Tingi,99,TZ,1608058421,92,-11.3,35.03,65.79,5.39
340,Neiafu,100,TO,1608058423,81,-18.65,-173.98,79.52,22.62
341,Baharly,59,TM,1608058424,74,38.44,57.43,34.75,12.68
342,Honiara,20,SB,1608058365,94,-9.43,159.95,75.2,2.24
343,Torbay,90,CA,1608058426,100,47.67,-52.73,37.0,26.4
344,Hasaki,20,JP,1608058427,50,35.73,140.83,32.0,6.93
345,Serebryansk,75,KZ,1608058428,78,49.69,83.29,15.8,4.47
346,Mikhaylovka,100,RU,1608058430,91,50.06,43.24,24.01,5.44
347,Nouadhibou,0,MR,1608058396,73,20.93,-17.03,69.8,16.11
348,Laas,40,IT,1608058432,61,46.62,10.7,32.0,2.73
349,Imeni Poliny Osipenko,100,RU,1608058433,88,52.42,136.49,-7.28,2.84
350,Plettenberg Bay,13,ZA,1608058143,84,-34.05,23.37,64.26,5.61
351,Campo de Criptana,42,ES,1608058435,87,39.4,-3.12,41.0,3.8
352,Blue Springs,1,US,1608058223,79,39.02,-94.28,28.99,6.93
353,Guastalla,99,IT,1608058437,90,44.91,10.66,46.99,2.01
354,Aleksandrov Gay,100,RU,1608058439,91,50.15,48.57,22.35,11.79
355,Aykhal,75,RU,1608058440,75,66.0,111.5,-16.6,6.71
356,West Wendover,1,US,1608058441,47,40.74,-114.07,35.6,5.82
357,Yashkul',100,RU,1608058442,82,46.17,45.34,37.56,12.37
358,Dhidhdhoo,10,MV,1608058443,64,6.88,73.1,82.29,5.06
359,Launceston,90,AU,1608058235,76,-41.45,147.17,55.99,20.8
360,Havre-St-Pierre,75,CA,1608058446,67,50.23,-63.6,19.4,16.11
361,Birao,4,CF,1608058447,18,10.28,22.79,77.0,4.9
362,Sebeta,0,ET,1608058448,47,8.92,38.62,52.81,2.17
363,Flinders,99,AU,1608058449,96,-34.58,150.86,72.0,1.99
364,Malaia,90,RO,1608058450,80,45.35,24.03,39.2,5.82
365,Kailua,40,US,1608058432,78,21.4,-157.74,77.0,15.82
366,Atar,0,MR,1608058434,21,20.52,-13.05,73.24,9.78
367,Vostok,100,RU,1608058454,90,46.49,135.88,-17.23,4.72
368,Muisne,75,EC,1608058455,74,0.6,-80.03,84.2,10.29
369,Lattes,100,FR,1608058437,100,43.57,3.9,53.6,10.29
370,Tello,71,CO,1608058457,61,3.07,-75.14,82.9,1.83
371,Puerto Madryn,0,AR,1608058458,22,-42.77,-65.04,71.8,13.58
372,Vallenar,0,CL,1608058460,26,-28.57,-70.76,85.77,10.13
373,Troitsko-Pechorsk,99,RU,1608058461,96,62.71,56.2,14.79,5.46
374,Talnakh,75,RU,1608058462,83,69.49,88.4,-11.2,8.95
375,Mehamn,75,NO,1608058463,95,71.04,27.85,35.6,3.36
376,Çanakkale Province,75,TR,1608058287,81,40.08,26.83,48.2,12.75
377,Bhatkal,0,IN,1608058465,58,13.97,74.57,76.17,7.14
378,Banda Aceh,100,ID,1608058467,81,5.56,95.32,78.21,3.98
379,Tual,100,ID,1608058468,81,-5.67,132.75,81.9,18.95
380,Baruun-Urt,0,MN,1608058469,84,46.68,113.28,-9.4,12.19
381,Pumiao,90,CN,1608058470,93,22.75,108.48,44.6,8.95
382,Severnyy-Kospashskiy,100,RU,1608058471,78,59.09,57.8,8.01,6.15
383,Ulaanbaatar,0,MN,1608058397,74,47.91,106.88,-23.8,1.14
384,Khovd,0,MN,1608058473,86,48.01,91.64,-2.16,0.38
385,Opuwo,0,NA,1608058474,34,-18.06,13.84,71.91,12.12
386,Dem'yanovo,100,RU,1608058476,97,60.35,47.08,19.45,6.6
387,Basoko,100,CD,1608058477,73,1.24,23.62,77.67,1.77
388,Vila Velha,20,BR,1608058478,62,-20.33,-40.29,84.2,18.34
389,Wangou,0,CN,1608058479,83,42.06,126.91,-5.01,2.98
390,Mount Gambier,90,AU,1608058480,82,-37.83,140.77,57.2,14.99
391,Chum Phae,66,TH,1608058482,72,16.54,102.1,72.27,1.99
392,Dunedin,100,NZ,1608058412,78,-45.87,170.5,55.99,1.99
393,Bandundu Province,99,CD,1608058484,79,-3.32,17.37,75.96,2.44
394,Sabak,20,MY,1608058485,100,3.77,100.99,75.2,1.3
395,Ayan,100,RU,1608058486,90,56.45,138.17,-6.25,23.38
396,Shenjiamen,100,CN,1608058487,69,29.96,122.3,44.37,18.68
397,Vardø,75,NO,1608058488,94,70.37,31.11,32.0,10.29
398,Dakar,0,SN,1608058294,73,14.69,-17.44,75.2,9.17
399,Balangiga,100,PH,1608058491,85,11.11,125.39,78.96,9.95
400,Carauari,99,BR,1608058492,70,-4.88,-66.9,84.56,3.51
401,Iluppūr,75,IN,1608058493,83,10.51,78.62,77.0,4.7
402,Merrill,90,US,1608058494,66,45.18,-89.68,15.8,5.55
403,Hong Kong,94,HK,1608058495,75,22.29,114.16,57.99,8.28
404,Wasilla,90,US,1608058497,79,61.58,-149.44,27.0,0.98
405,Fomboni,0,KM,1608058498,64,-12.28,43.74,83.77,3.76
406,San Cristobal,40,VE,1608058499,70,7.77,-72.22,84.2,9.17
407,Northam,100,GB,1608058500,89,51.03,-4.22,46.0,8.01
408,Pangkalanbuun,100,ID,1608058501,94,-2.68,111.62,74.68,1.9
409,Presidencia Roque Sáenz Peña,62,AR,1608058502,50,-26.79,-60.44,91.0,3.0
410,Faya,0,SA,1608058408,87,18.39,42.45,57.2,1.95
411,Trindade,40,BR,1608058331,40,-16.65,-49.49,89.6,6.93
412,Sisimiut,72,GL,1608058506,89,66.94,-53.67,21.61,10.87
413,Starosubkhangulovo,59,RU,1608058507,84,53.1,57.44,16.29,3.09
414,Geneva,1,US,1608058508,58,41.89,-88.31,33.01,10.29
415,Jacareacanga,40,BR,1608058435,83,-6.22,-57.75,80.6,4.7
416,San Rafael del Sur,40,NI,1608058510,62,11.85,-86.44,89.6,13.87
417,Nakhon Thai,100,TH,1608058511,77,17.1,100.84,72.18,3.4
418,Bam,0,IR,1608058513,49,29.11,58.36,45.9,1.21
419,Mweka,100,CD,1608058514,92,-4.85,21.57,71.38,0.49
420,Shaunavon,66,CA,1608058515,85,49.65,-108.42,15.8,27.51
421,Ürümqi,75,CN,1608058516,83,43.8,87.6,-4.0,0.81
422,Maltahöhe,0,NA,1608058517,17,-24.83,16.98,76.12,10.18
423,Loikaw,0,MM,1608058518,80,19.67,97.21,60.93,2.59
424,Jackson,90,US,1608058520,81,42.42,-122.83,42.8,1.52
425,San Luis,0,AR,1608058521,16,-33.3,-66.34,80.2,13.78
426,Boca do Acre,13,BR,1608058522,48,-8.75,-67.4,90.66,4.25
427,Lagoa,100,PT,1608058523,68,39.05,-27.98,60.39,21.36
428,Alexandria,0,EG,1608058524,73,31.22,29.96,65.39,17.16
429,Vao,1,NC,1608058526,77,-22.67,167.48,75.99,22.88
430,Korhogo,12,CI,1608058527,42,9.45,-5.63,85.32,4.18
431,Am Timan,0,TD,1608058528,18,11.03,20.28,76.91,1.86
432,Natchitoches,90,US,1608058529,81,31.77,-93.13,44.6,7.63
433,Dalbandin,0,PK,1608058530,52,28.89,64.41,40.87,7.36
434,Kushiro,0,JP,1608058531,86,42.98,144.37,22.91,12.17
435,São Bernardo,100,BR,1608058532,41,-3.36,-42.42,92.25,4.45
436,Ifakara,0,TZ,1608058534,58,-8.13,36.68,80.02,4.74
437,Offa,67,NG,1608058535,50,8.15,4.72,82.83,5.48
438,Klaksvík,100,FO,1608058536,100,62.23,-6.59,42.8,11.41
439,Erenhot,0,CN,1608058537,87,43.65,111.98,-1.17,9.62
440,Kaputa,4,ZM,1608058538,83,-8.47,29.66,69.96,3.67
441,La Ronge,100,CA,1608058539,76,55.1,-105.28,-4.0,6.93
442,Ponta do Sol,75,PT,1608058540,67,32.67,-17.1,62.6,3.36
443,Prainha,100,BR,1608058542,42,-1.8,-53.48,92.52,6.31
444,Bedford,20,GB,1608058543,87,52.13,-0.47,46.4,9.17
445,Ixtapa,5,MX,1608058544,61,20.7,-105.2,80.6,5.32
446,City of San Pedro,20,PH,1608058545,78,14.35,121.02,79.0,3.36
447,Birigui,100,BR,1608058418,50,-21.29,-50.34,88.75,8.01
448,Buluang,96,PH,1608058547,89,13.31,123.34,75.29,4.14
449,Lamar,90,US,1608058548,81,33.67,-95.58,34.0,16.11
450,Verkhoyansk,75,RU,1608058550,64,67.54,133.38,-41.84,1.3
451,Lüshunkou,0,CN,1608058551,66,38.8,121.27,12.2,4.47
452,Gari,63,RU,1608058552,94,59.43,62.35,15.93,7.9
453,Chikwawa,100,MW,1608058553,67,-16.03,34.8,80.62,2.15
454,Agutaya,100,PH,1608058554,79,11.15,120.94,82.27,26.31
455,Mondragone,20,IT,1608058555,93,41.11,13.89,46.99,3.24
456,Nara,87,JP,1608058556,54,34.69,135.8,37.0,10.67
457,San Quintín,0,MX,1608058557,45,30.48,-115.95,63.18,4.14
458,Iquique,75,CL,1608058313,60,-20.22,-70.14,71.6,11.41
459,Marysville,90,US,1608058310,87,48.05,-122.18,46.99,16.11
460,Algete,0,ES,1608058561,81,40.6,-3.5,48.2,5.82
461,Storforshei,75,NO,1608058562,92,66.4,14.52,30.2,2.24
462,Abnūb,0,EG,1608058563,54,27.27,31.15,55.24,6.93
463,Bonavista,100,CA,1608058564,98,48.65,-53.11,32.0,6.93
464,Qazvin,100,IR,1608058565,70,36.28,50.0,39.96,7.36
465,Katsuura,20,JP,1608058566,38,35.13,140.3,39.2,6.93
466,Póvoa de Varzim,20,PT,1608058568,76,41.38,-8.76,55.4,23.04
467,San Rafael,0,AR,1608058569,17,-34.62,-68.33,78.49,7.11
468,Sabancuy,99,MX,1608058570,73,18.97,-91.18,79.41,7.2
469,Hamilton,1,US,1608058448,51,39.18,-84.53,37.0,9.17
470,Ambon City,100,ID,1608058572,82,-3.7,128.18,84.99,1.99
471,Baracoa,29,CU,1608058573,70,20.35,-74.5,80.73,7.49
472,Salisbury,22,GB,1608058574,93,51.07,-1.8,45.0,6.93
473,Sechura,9,PE,1608058576,59,-5.56,-80.82,76.87,12.39
474,Si Satchanalai,100,TH,1608058577,99,17.52,99.76,73.0,2.53
475,Vigrestad,75,NO,1608058578,87,58.57,5.7,46.4,10.29
476,Zyryanka,100,RU,1608058579,86,65.75,150.85,-22.41,12.5
477,Myanaung,82,MM,1608058580,76,18.28,95.32,68.94,5.73
478,Bambous Virieux,75,MU,1608058581,94,-20.34,57.76,77.0,13.87
479,Tessalit,73,ML,1608058582,20,20.2,1.01,70.95,5.97
480,Port Macquarie,75,AU,1608058584,100,-31.43,152.92,71.6,10.02
481,Brae,20,GB,1608058585,87,60.4,-1.35,46.4,6.93
482,Bontang,77,ID,1608058586,85,0.13,117.5,77.54,5.99
483,Abu Dhabi,0,AE,1608058299,73,24.47,54.37,71.6,4.7
484,Ouargaye,0,BF,1608058588,17,11.5,0.06,81.63,2.66
485,Manavālakurichi,90,IN,1608058589,94,8.13,77.3,77.0,2.24
486,Tura,0,IN,1608058457,82,25.52,90.22,58.8,3.29
487,Fort Frances,90,CA,1608058592,72,48.6,-93.4,10.99,4.7
488,Fukuechō,100,JP,1608058593,70,32.69,128.84,43.65,20.38
489,Emba,0,KZ,1608058594,83,48.83,58.14,15.31,6.04
490,Mackay,40,AU,1608058595,78,-21.15,149.2,80.6,9.17
491,Anadyr,20,RU,1608058596,85,64.75,177.48,14.0,8.95
492,Guerrero Negro,0,MX,1608058409,36,27.98,-114.06,67.14,1.7
493,Matagami,75,CA,1608058598,69,49.75,-77.63,-9.4,10.29
494,Mago,100,RU,1608058600,89,53.25,140.18,-0.92,10.49
495,Batagay-Alyta,0,RU,1608058407,51,67.8,130.41,-33.47,0.96
496,Port-Gentil,40,GA,1608058602,83,-0.72,8.78,80.6,12.75
497,Margate,0,GB,1608058603,82,51.38,1.39,50.0,1.99
498,Maniitsoq,100,GL,1608058412,95,65.42,-52.9,26.2,17.65
499,Nago,75,JP,1608058605,87,26.59,127.98,60.8,10.29
500,Smithers,90,CA,1608058607,92,54.78,-127.17,24.8,6.93
501,Dzhebariki-Khaya,100,RU,1608058608,75,62.22,135.8,-47.22,1.01
502,Lázaro Cárdenas,0,MX,1608058609,58,17.96,-102.2,83.44,8.28
503,Bilibino,100,RU,1608058610,88,68.05,166.44,-4.77,3.56
504,Codrington,100,AU,1608058611,94,-38.27,141.97,54.97,15.23
505,Balyqshy,0,KZ,1608058612,62,47.07,51.87,21.2,20.13
506,Puerto Ayacucho,89,VE,1608058454,63,5.66,-67.62,88.03,3.29
507,Keetmanshoop,0,NA,1608058614,10,-26.58,18.13,87.8,19.46
508,Bonnyville,90,CA,1608058616,77,54.27,-110.73,6.8,4.7
509,Fortuna,100,US,1608058412,92,40.6,-124.16,48.0,13.0
510,Petropavlovsk-Kamchatskiy,90,RU,1608058618,100,53.05,158.65,28.4,4.47
511,Nur-Sultan,90,KZ,1608058619,84,51.18,71.45,-0.4,8.95
512,Lata,40,PT,1608058620,76,40.16,-8.33,55.99,10.29
513,Abengourou,100,CI,1608058621,89,6.73,-3.5,76.17,3.36
514,Soe,92,ID,1608058622,100,-9.86,124.28,66.69,2.84
515,São José da Coroa Grande,65,BR,1608058624,70,-8.9,-35.15,81.46,12.53
516,College,90,US,1608058625,66,64.86,-147.8,12.2,6.93
517,Sheboygan,40,US,1608058445,47,43.73,-87.93,33.8,4.7
518,Beloha,9,MG,1608058627,69,-25.17,45.05,74.28,5.3
519,Borogontsy,60,RU,1608058628,76,62.67,131.17,-50.66,2.75
520,Franklin,75,US,1608058629,55,39.97,-83.02,35.01,5.82
521,Ovalle,0,CL,1608058630,22,-30.6,-71.2,85.39,11.34
522,Ahipara,0,NZ,1608058632,74,-35.17,173.17,61.88,6.24
523,Praia,40,CV,1608058633,61,14.92,-23.51,77.0,17.22
524,Muscatine,1,US,1608058634,58,41.47,-91.13,28.4,8.05
525,Moratuwa,40,LK,1608058635,94,6.77,79.88,77.0,7.7
526,Copiapó,40,CL,1608058637,64,-27.37,-70.33,68.0,8.05
527,Dwārka,0,IN,1608058638,37,22.24,68.97,71.2,16.71
528,Lago da Pedra,100,BR,1608058639,80,-4.33,-45.17,83.48,2.71
529,Talara,0,PE,1608058640,48,-4.58,-81.27,82.4,9.17
530,Papagaios,100,BR,1608058641,50,-19.45,-44.75,85.33,4.72
531,Bowen,100,AU,1608058642,94,-20.02,148.23,75.2,3.36
532,Billings Metropolitan Area,99,US,1608058386,74,45.78,-108.5,32.0,3.0
533,Altay,0,CN,1608058645,74,47.87,88.12,3.94,2.71
534,Thai Binh,75,VN,1608058479,82,20.45,106.33,57.2,8.05
535,Khani,90,GE,1608058647,44,41.96,42.96,60.8,19.46
536,Zarasai,93,LT,1608058648,97,55.73,26.25,27.93,6.93
537,Cloquet,75,US,1608058411,56,46.72,-92.46,15.01,9.17
538,Pachuca,0,MX,1608058574,29,20.12,-98.73,68.61,8.52
539,Zhengjiatun,0,CN,1608058651,86,43.51,123.51,-8.84,6.53
540,Urdoma,100,RU,1608058653,97,61.75,48.54,18.23,5.95
541,Whyalla,90,AU,1608058654,88,-33.03,137.58,64.4,11.41
542,Goderich,100,CA,1608058655,73,43.75,-81.72,23.0,8.05
543,Heishan,0,CN,1608058656,77,41.69,122.11,5.9,4.16
544,Sammamish,90,US,1608058657,87,47.64,-122.08,45.0,4.7
545,Kanigoro,100,ID,1608058658,90,-8.13,112.22,73.42,1.43
546,Nabire,99,ID,1608058660,86,-3.37,135.48,77.0,2.8
547,Khandyga,100,RU,1608058427,75,62.67,135.6,-48.55,0.54
548,Changping,0,CN,1608058662,29,40.22,116.22,23.0,13.42
549,Río Gallegos,40,AR,1608058663,29,-51.62,-69.22,62.6,46.08
550,Mielec,99,PL,1608058664,85,50.29,21.42,33.01,3.0
551,Prince Rupert,90,CA,1608058419,75,54.32,-130.32,42.8,14.99
552,Hoquiam,90,US,1608058646,87,46.98,-123.89,50.0,13.87
553,Sicamous,100,CA,1608058667,86,50.83,-118.99,35.01,2.24
554,Necochea,0,AR,1608058669,29,-38.55,-58.74,64.8,9.33
555,Nakhon Sawan,1,TH,1608058670,92,15.7,100.08,79.0,2.55
556,Letlhakane,99,BW,1608058671,75,-21.42,25.58,71.69,9.1
557,Ligayan,100,PH,1608058672,73,4.65,119.47,83.12,6.02
558,Karaj,20,IR,1608058673,93,35.84,51.01,39.2,4.7
559,Natchez,90,US,1608058675,81,31.56,-91.4,44.6,3.36
560,Alofi,90,NU,1608058676,94,-19.06,-169.92,77.0,27.51
561,Verāval,0,IN,1608058677,56,20.9,70.37,68.49,13.24
562,Semnan,100,IR,1608058678,69,35.57,53.4,38.64,0.22
563,Linjiang,0,CN,1608058679,78,41.81,126.91,0.86,2.33
564,Babu,100,CN,1608058680,76,24.42,111.52,38.5,6.98
565,High Level,90,CA,1608058501,83,58.52,-117.14,-5.8,3.36
566,Souillac,75,MU,1608058683,94,-20.52,57.52,77.0,13.87
567,Tahe,0,CN,1608058684,80,52.33,124.73,-11.99,4.21
568,San Antonio,40,US,1608058411,76,29.42,-98.49,60.01,5.82
569,Bahía Blanca,8,AR,1608058407,19,-38.72,-62.27,75.45,8.05
570,Dutlwe,0,BW,1608058687,53,-23.98,23.9,78.35,16.37
571,Ulaangom,100,MN,1608058688,87,49.98,92.07,-11.11,2.08
572,Kloulklubed,100,PW,1608058689,79,7.04,134.26,84.02,20.87
573,Elhovo,5,BG,1608058691,93,42.17,26.57,39.2,4.7
574,Slave Lake,75,CA,1608058692,84,55.28,-114.77,6.8,6.93
575,Ramsar,40,IR,1608058693,87,36.92,50.64,48.2,2.24
576,Batemans Bay,100,AU,1608058694,97,-35.72,150.18,70.0,0.49
577,Hambantota,0,LK,1608058695,100,6.12,81.12,73.4,3.36
578,Saint-Paul,75,RE,1608058696,83,-21.01,55.27,77.0,20.8
579,Sola,98,VU,1608058698,80,-13.88,167.55,80.85,7.94
